real_time_sec,read_batch,gpu_batch,reads_per_sec,peak_ram_gb,chunk_size,threads,overlap,byte_limit,run_id
12.341,1024,64,81.03071063933231,1.9,12288,8,150,512M,20260630T105501_0001
12.217,2048,64,81.85315543914217,1.908,12288,8,150,512M,20260630T104721_0009
12.278,4096,64,81.44648965629581,1.899,12288,8,150,512M,20260630T104721_0017
12.605,1024,96,79.33359777865925,2.253,12288,8,150,512M,20260630T105501_0002
12.449,2048,96,80.32773716764399,2.26,12288,8,150,512M,20260630T104721_0010
12.524,4096,96,79.84669434685405,2.254,12288,8,150,512M,20260630T104721_0018
11.644,1024,128,85.88114050154586,2.61,12288,8,150,512M,20260630T104721_0003
11.658,2048,128,85.7780065191285,2.609,12288,8,150,512M,20260630T104721_0011
11.683,4096,128,85.59445347941454,2.617,12288,8,150,512M,20260630T104721_0019
12.616,1024,160,79.26442612555485,2.963,12288,8,150,512M,20260630T104721_0004
12.581,2048,160,79.48493760432399,2.967,12288,8,150,512M,20260630T104721_0012
12.667,4096,160,78.94529091339702,2.965,12288,8,150,512M,20260630T104721_0020
12.008,1024,192,83.27781479013991,3.32,12288,8,150,512M,20260630T104721_0005
12.085,2048,192,82.74720728175423,3.318,12288,8,150,512M,20260630T104721_0013
12.078,4096,192,82.79516476237788,3.32,12288,8,150,512M,20260630T104721_0021
12.735,1024,224,78.52375343541422,3.673,12288,8,150,512M,20260630T104721_0006
12.747,2048,224,78.44983133286263,3.672,12288,8,150,512M,20260630T104721_0014
12.722,4096,224,78.60399308284862,3.676,12288,8,150,512M,20260630T104721_0022
12.067,1024,256,82.87063893262616,4.024,12288,8,150,512M,20260630T104721_0007
12.105,2048,256,82.61049153242462,4.002,12288,8,150,512M,20260630T102708_0005
12.166,4096,256,82.19628472793029,4.005,12288,8,150,512M,20260630T102708_0008
12.748,1024,288,78.44367743959837,4.385,12288,8,150,512M,20260630T104721_0008
12.826,2048,288,77.9666302822392,4.346,12288,8,150,512M,20260630T103919_0010
12.792,4096,288,78.17385866166354,4.379,12288,8,150,512M,20260630T103919_0018
12.984,1024,320,77.01786814540974,4.713,12288,8,150,512M,20260630T103919_0003
12.832,2048,320,77.93017456359102,4.7,12288,8,150,512M,20260630T103919_0011
12.863,4096,320,77.74236181295188,4.739,12288,8,150,512M,20260630T103919_0019
13.524,1024,352,73.94262052647146,5.062,12288,8,150,512M,20260630T103919_0004
13.414,2048,352,74.5489786789921,5.057,12288,8,150,512M,20260630T103919_0012
13.363,4096,352,74.83349547257353,5.091,12288,8,150,512M,20260630T103919_0020
13.617,1024,384,73.43761474627304,5.423,12288,8,150,512M,20260630T103919_0005
13.478,2048,384,74.19498441905327,5.412,12288,8,150,512M,20260630T103919_0013
13.391,4096,384,74.6770218803674,5.444,12288,8,150,512M,20260630T103919_0021
14.214,1024,416,70.35317292809906,5.753,12288,8,150,512M,20260630T103919_0006
13.986,2048,416,71.5000715000715,5.764,12288,8,150,512M,20260630T103919_0014
13.934,4096,416,71.76690110521028,5.77,12288,8,150,512M,20260630T103919_0022
