timestamp,version_tag,run_id,status,real_time_sec,reads_per_sec,peak_ram_gb,cpu_time_sec,processing_sec,threads,read_batch,gpu_batch,chunk_size,overlap,byte_limit
2026-06-30T13:36:09.290346+00:00,v1.0,20260630T113451_0035,ok,208.67,95.8451142952988,5.186,38.886,207.601,8,4096,192,12288,150,512M
2026-06-30T12:37:29.537795+00:00,v1.0,20260630T113451_0018,ok,209.157,95.62194906218772,3.543,40.636,208.242,8,2048,128,12288,150,512M
2026-06-30T12:51:04.482364+00:00,v1.0,20260630T113451_0020,ok,209.18,95.61143512764126,4.23,38.011,208.284,8,2048,192,12288,150,512M
2026-06-30T13:28:49.000393+00:00,v1.0,20260630T113451_0033,ok,209.462,95.48271285483764,4.613,41.673,208.648,8,4096,128,12288,150,512M
2026-06-30T11:46:00.543413+00:00,v1.0,20260630T113451_0003,ok,209.556,95.43988241806485,2.976,39.964,208.834,8,1024,128,12288,150,512M
2026-06-30T12:58:21.244572+00:00,v1.0,20260630T113451_0022,ok,209.56,95.4380606986066,4.928,37.049,208.731,8,2048,256,12288,150,512M
2026-06-30T11:53:21.879923+00:00,v1.0,20260630T113451_0005,ok,209.735,95.35842849309843,3.664,37.354,209.008,8,1024,192,12288,150,512M
2026-06-30T13:49:48.192842+00:00,v1.0,20260630T113451_0037,ok,210.774,94.8883638399423,5.796,38.598,208.0,8,4096,256,12288,150,512M
2026-06-30T12:00:40.896859+00:00,v1.0,20260630T113451_0007,ok,210.984,94.79391802221969,4.372,36.078,210.228,8,1024,256,12288,150,512M
2026-06-30T13:02:05.212996+00:00,v1.0,20260630T113451_0023,ok,220.23,90.81414884438996,5.304,37.016,217.904,8,2048,288,12288,150,512M
2026-06-30T12:04:24.567434+00:00,v1.0,20260630T113451_0008,ok,220.368,90.75727873375445,4.697,36.11,219.604,8,1024,288,12288,150,512M
2026-06-30T13:13:26.943091+00:00,v1.0,20260630T113451_0026,ok,220.416,90.73751451800233,5.993,37.797,217.474,8,2048,384,12288,150,512M
2026-06-30T12:54:48.314140+00:00,v1.0,20260630T113451_0021,ok,220.533,90.68937528623835,4.556,37.317,219.704,8,2048,224,12288,150,512M
2026-06-30T13:53:34.712970+00:00,v1.0,20260630T113451_0038,ok,220.725,90.61048816400499,6.012,38.993,217.539,8,4096,288,12288,150,512M
2026-06-30T13:57:22.649556+00:00,v1.0,20260630T113451_0039,ok,221.508,90.29019267927117,6.303,39.369,218.391,8,4096,320,12288,150,512M
2026-06-30T11:57:06.687630+00:00,v1.0,20260630T113451_0006,ok,221.577,90.26207593748448,4.013,36.951,220.836,8,1024,224,12288,150,512M
2026-06-30T13:05:50.808237+00:00,v1.0,20260630T113451_0024,ok,221.635,90.23845511764839,5.611,37.26,218.873,8,2048,320,12288,150,512M
2026-06-30T12:08:09.619226+00:00,v1.0,20260630T113451_0009,ok,221.743,90.19450444884393,5.057,35.65,220.976,8,1024,320,12288,150,512M
2026-06-30T14:05:03.245262+00:00,v1.0,20260630T113451_0041,ok,223.236,89.59128455983803,6.461,41.428,219.936,8,4096,384,12288,150,512M
2026-06-30T12:15:48.766297+00:00,v1.0,20260630T113451_0011,ok,223.536,89.47104716913607,5.725,36.829,220.739,8,1024,384,12288,150,512M
2026-06-30T14:01:13.265956+00:00,v1.0,20260630T113451_0040,ok,224.043,89.26857790691965,6.457,39.236,221.11,8,4096,352,12288,150,512M
2026-06-30T13:32:36.905646+00:00,v1.0,20260630T113451_0034,ok,224.537,89.07217964077189,4.905,39.998,223.694,8,4096,160,12288,150,512M
2026-06-30T13:21:27.652337+00:00,v1.0,20260630T113451_0031,ok,224.927,88.91773775491605,3.869,48.476,222.498,8,4096,64,12288,150,512M
2026-06-30T12:23:54.754190+00:00,v1.0,20260630T113451_0016,ok,224.946,88.91022734345133,2.801,47.471,222.4,8,2048,64,12288,150,512M
2026-06-30T13:09:40.316282+00:00,v1.0,20260630T113451_0025,ok,224.964,88.90311338703081,5.845,37.464,222.167,8,2048,352,12288,150,512M
2026-06-30T11:49:48.997877+00:00,v1.0,20260630T113451_0004,ok,225.256,88.78786802571297,3.325,38.444,224.546,8,1024,160,12288,150,512M
2026-06-30T13:25:16.224074+00:00,v1.0,20260630T113451_0032,ok,225.276,88.77998544008238,4.192,43.529,224.426,8,4096,96,12288,150,512M
2026-06-30T13:17:18.669803+00:00,v1.0,20260630T113451_0027,ok,225.304,88.76895217128857,6.305,37.921,222.335,8,2048,416,12288,150,512M
2026-06-30T11:38:38.518754+00:00,v1.0,20260630T113451_0001,ok,225.677,88.62223443239675,2.237,47.413,223.231,8,1024,64,12288,150,512M
2026-06-30T11:42:27.885376+00:00,v1.0,20260630T113451_0002,ok,226.301,88.37786841419172,2.583,42.632,225.418,8,1024,96,12288,150,512M
2026-06-30T12:12:00.187781+00:00,v1.0,20260630T113451_0010,ok,226.794,88.18575447322239,5.391,36.513,224.161,8,1024,352,12288,150,512M
2026-06-30T12:19:43.914606+00:00,v1.0,20260630T113451_0012,ok,229.058,87.3141300456653,6.018,37.195,226.22,8,1024,416,12288,150,512M
2026-06-30T14:09:04.135903+00:00,v1.0,20260630T113451_0042,ok,233.944,85.49054474575112,6.531,44.933,228.845,8,4096,416,12288,150,512M
2026-06-30T12:19:52.374597+00:00,v1.0,20260630T113451_0013,failed,,,,,,8,1024,448,12288,150,512M
2026-06-30T12:20:01.015114+00:00,v1.0,20260630T113451_0014,failed,,,,,,8,1024,480,12288,150,512M
2026-06-30T12:20:06.357451+00:00,v1.0,20260630T113451_0015,failed,,,,,,8,1024,512,12288,150,512M
2026-06-30T12:33:57.197218+00:00,v1.0,20260630T113451_0017,timeout,,,,,,8,2048,96,12288,150,512M
2026-06-30T12:47:32.058821+00:00,v1.0,20260630T113451_0019,timeout,,,,,,8,2048,160,12288,150,512M
2026-06-30T13:17:28.178860+00:00,v1.0,20260630T113451_0028,failed,,,,,,8,2048,448,12288,150,512M
2026-06-30T13:17:34.204660+00:00,v1.0,20260630T113451_0029,failed,,,,,,8,2048,480,12288,150,512M
2026-06-30T13:17:39.234205+00:00,v1.0,20260630T113451_0030,failed,,,,,,8,2048,512,12288,150,512M
2026-06-30T13:46:12.150327+00:00,v1.0,20260630T113451_0036,timeout,,,,,,8,4096,224,12288,150,512M
2026-06-30T14:09:11.205739+00:00,v1.0,20260630T113451_0043,failed,,,,,,8,4096,448,12288,150,512M
2026-06-30T14:09:17.007809+00:00,v1.0,20260630T113451_0044,failed,,,,,,8,4096,480,12288,150,512M
2026-06-30T14:09:22.977334+00:00,v1.0,20260630T113451_0045,failed,,,,,,8,4096,512,12288,150,512M
