real_time_sec,read_batch,gpu_batch,status,reads_per_sec,peak_ram_gb,chunk_size,threads,overlap,byte_limit,run_id
1150.983,1024,64,ok,17.37645125948863,3.087,12288,8,150,512M,20260630T222239_0001
1002.703,2048,64,ok,19.94608573027108,3.659,12288,8,150,512M,20260630T144523_0001
1020.207,4096,64,ok,19.603864705888117,4.689,12288,8,150,512M,20260630T144523_0016
1128.167,1024,96,ok,17.727871848759982,3.877,12288,8,150,512M,20260630T222239_0002
1002.318,2048,96,ok,19.953747213958046,4.505,12288,8,150,512M,20260630T144523_0002
1000.431,4096,96,ok,19.991383713619427,5.432,12288,8,150,512M,20260630T144523_0017
1008.872,1024,128,ok,19.824120403777684,4.612,12288,8,150,512M,20260630T222239_0003
923.249,2048,128,ok,21.66262839169065,5.174,12288,8,150,512M,20260630T144523_0003
925.923,4096,128,ok,21.60006825621569,5.762,12288,8,150,512M,20260630T144523_0018
1065.666,1024,160,ok,18.76760636071715,5.21,12288,8,150,512M,20260630T222239_0004
972.782,2048,160,ok,20.55959094637853,5.7,12288,8,150,512M,20260630T144523_0004
975.526,4096,160,ok,20.501760076102535,6.219,12288,8,150,512M,20260630T144523_0019
1126.173,1024,192,ok,17.759260788528938,5.77,12288,8,150,512M,20260630T222239_0005
1035.547,2048,192,ok,19.313464285059005,6.121,12288,8,150,512M,20260630T144523_0005
1028.518,4096,192,ok,19.44545452777686,6.063,12288,8,150,512M,20260630T144523_0020
1078.979,1024,224,ok,18.53604194335571,5.551,12288,8,150,512M,20260630T222239_0006
1031.178,2048,224,ok,19.39529353807005,5.835,12288,8,150,512M,20260630T144523_0006
1021.778,4096,224,ok,19.573723450690853,6.141,12288,8,150,512M,20260630T144523_0021
1018.506,1024,256,ok,19.6366049880904,6.108,12288,8,150,512M,20260630T222239_0007
1011.493,2048,256,ok,19.772751763976615,5.895,12288,8,150,512M,20260630T144523_0007
1007.995,4096,256,ok,19.84136826075526,6.223,12288,8,150,512M,20260630T144523_0022
1101.165,1024,288,ok,18.162582355959373,5.763,12288,8,150,512M,20260630T222239_0008
1084.87,2048,288,ok,18.435388571902624,6.066,12288,8,150,512M,20260630T144523_0008
0,4096,288,failed,0,0,12288,8,150,512M,20260630T144523_0023
1087.782,1024,320,ok,18.386036908130492,6.1,12288,8,150,512M,20260630T222239_0009
1080.646,2048,320,ok,18.50744832257742,6.283,12288,8,150,512M,20260630T144523_0009
0,4096,320,failed,0,0,12288,8,150,512M,20260630T144523_0024
0,1024,352,failed,0,0,12288,8,150,512M,20260630T222239_0010
0,2048,352,failed,0,0,12288,8,150,512M,20260630T144523_0010
0,4096,352,failed,0,0,12288,8,150,512M,20260630T144523_0025
0,1024,384,failed,0,0,12288,8,150,512M,20260630T222239_0011
0,2048,384,failed,0,0,12288,8,150,512M,20260630T144523_0011
0,4096,384,failed,0,0,12288,8,150,512M,20260630T144523_0026
0,1024,416,failed,0,0,12288,8,150,512M,20260630T222239_0012
0,2048,416,failed,0,0,12288,8,150,512M,20260630T144523_0012
0,4096,416,failed,0,0,12288,8,150,512M,20260630T144523_0027
0,1024,448,failed,0,0,12288,8,150,512M,20260630T222239_0013
0,2048,448,failed,0,0,12288,8,150,512M,20260630T144523_0013
0,4096,448,failed,0,0,12288,8,150,512M,20260630T144523_0028
0,1024,480,failed,0,0,12288,8,150,512M,20260630T222239_0014
0,2048,480,failed,0,0,12288,8,150,512M,20260630T144523_0014
0,4096,480,failed,0,0,12288,8,150,512M,20260630T144523_0029
0,1024,512,failed,0,0,12288,8,150,512M,20260630T222239_0015
0,2048,512,failed,0,0,12288,8,150,512M,20260630T144523_0015
0,4096,512,failed,0,0,12288,8,150,512M,20260630T144523_0030
