stamp_utc,tag,depth,run,status,real_s,cpu_s,peak_ram_gb,proc_s,host_wall_s,exit_code,cmd
2026-07-31T02:00:52Z,fast_1k,1,1,ok,9.813,4.064,2.557,9.54,10.835,0,/home/riley/slorado-riley-v2/slorado basecaller -C 128 -c 12288 -K 4096 -p 150 --overlap-decode=yes --overlap-depth=1 --fixed-c-batch=no --flush-threshold 64 -o /dev/null /home/riley/slorado-riley-v2/models/dna_r10.4.1_e8.2_400bps_fast@v5.0.0 /home/riley/slorado-riley-v2/test/PGXXXX230339/reads_1k.blow5
2026-07-31T02:01:03Z,fast_1k,1,2,ok,9.78,4.101,2.557,9.502,10.832,0,/home/riley/slorado-riley-v2/slorado basecaller -C 128 -c 12288 -K 4096 -p 150 --overlap-decode=yes --overlap-depth=1 --fixed-c-batch=no --flush-threshold 64 -o /dev/null /home/riley/slorado-riley-v2/models/dna_r10.4.1_e8.2_400bps_fast@v5.0.0 /home/riley/slorado-riley-v2/test/PGXXXX230339/reads_1k.blow5
2026-07-31T02:01:13Z,fast_1k,1,3,ok,9.802,4.083,2.552,9.533,10.852,0,/home/riley/slorado-riley-v2/slorado basecaller -C 128 -c 12288 -K 4096 -p 150 --overlap-decode=yes --overlap-depth=1 --fixed-c-batch=no --flush-threshold 64 -o /dev/null /home/riley/slorado-riley-v2/models/dna_r10.4.1_e8.2_400bps_fast@v5.0.0 /home/riley/slorado-riley-v2/test/PGXXXX230339/reads_1k.blow5
2026-07-31T02:01:24Z,fast_1k,1,4,ok,9.808,4.089,2.552,9.538,10.834,0,/home/riley/slorado-riley-v2/slorado basecaller -C 128 -c 12288 -K 4096 -p 150 --overlap-decode=yes --overlap-depth=1 --fixed-c-batch=no --flush-threshold 64 -o /dev/null /home/riley/slorado-riley-v2/models/dna_r10.4.1_e8.2_400bps_fast@v5.0.0 /home/riley/slorado-riley-v2/test/PGXXXX230339/reads_1k.blow5
2026-07-31T02:01:35Z,fast_1k,1,5,ok,9.764,4.083,2.55,9.491,10.817,0,/home/riley/slorado-riley-v2/slorado basecaller -C 128 -c 12288 -K 4096 -p 150 --overlap-decode=yes --overlap-depth=1 --fixed-c-batch=no --flush-threshold 64 -o /dev/null /home/riley/slorado-riley-v2/models/dna_r10.4.1_e8.2_400bps_fast@v5.0.0 /home/riley/slorado-riley-v2/test/PGXXXX230339/reads_1k.blow5
2026-07-31T02:02:25Z,hac_1k,1,1,ok,49.142,47.129,3.078,48.669,50.248,0,/home/riley/slorado-riley-v2/slorado basecaller -C 128 -c 12288 -K 4096 -p 150 --overlap-decode=yes --overlap-depth=1 --fixed-c-batch=no --flush-threshold 64 -o /dev/null /home/riley/slorado-riley-v2/models/dna_r10.4.1_e8.2_400bps_hac@v5.0.0 /home/riley/slorado-riley-v2/test/PGXXXX230339/reads_1k.blow5
2026-07-31T02:03:16Z,hac_1k,1,2,ok,49.373,47.483,3.078,48.997,50.489,0,/home/riley/slorado-riley-v2/slorado basecaller -C 128 -c 12288 -K 4096 -p 150 --overlap-decode=yes --overlap-depth=1 --fixed-c-batch=no --flush-threshold 64 -o /dev/null /home/riley/slorado-riley-v2/models/dna_r10.4.1_e8.2_400bps_hac@v5.0.0 /home/riley/slorado-riley-v2/test/PGXXXX230339/reads_1k.blow5
2026-07-31T02:04:06Z,hac_1k,1,3,ok,49.351,47.44,3.077,48.978,50.475,0,/home/riley/slorado-riley-v2/slorado basecaller -C 128 -c 12288 -K 4096 -p 150 --overlap-decode=yes --overlap-depth=1 --fixed-c-batch=no --flush-threshold 64 -o /dev/null /home/riley/slorado-riley-v2/models/dna_r10.4.1_e8.2_400bps_hac@v5.0.0 /home/riley/slorado-riley-v2/test/PGXXXX230339/reads_1k.blow5
2026-07-31T02:04:57Z,hac_1k,1,4,ok,49.469,47.626,3.073,49.084,50.587,0,/home/riley/slorado-riley-v2/slorado basecaller -C 128 -c 12288 -K 4096 -p 150 --overlap-decode=yes --overlap-depth=1 --fixed-c-batch=no --flush-threshold 64 -o /dev/null /home/riley/slorado-riley-v2/models/dna_r10.4.1_e8.2_400bps_hac@v5.0.0 /home/riley/slorado-riley-v2/test/PGXXXX230339/reads_1k.blow5
2026-07-31T02:05:47Z,hac_1k,1,5,ok,49.305,47.446,3.082,48.931,50.400,0,/home/riley/slorado-riley-v2/slorado basecaller -C 128 -c 12288 -K 4096 -p 150 --overlap-decode=yes --overlap-depth=1 --fixed-c-batch=no --flush-threshold 64 -o /dev/null /home/riley/slorado-riley-v2/models/dna_r10.4.1_e8.2_400bps_hac@v5.0.0 /home/riley/slorado-riley-v2/test/PGXXXX230339/reads_1k.blow5
2026-07-31T02:08:42Z,fast_20k,1,1,ok,173.971,43.866,4.441,171.118,175.205,0,/home/riley/slorado-riley-v2/slorado basecaller -C 128 -c 12288 -K 4096 -p 150 --overlap-decode=yes --overlap-depth=1 --fixed-c-batch=no --flush-threshold 64 -o /dev/null /home/riley/slorado-riley-v2/models/dna_r10.4.1_e8.2_400bps_fast@v5.0.0 /home/riley/slorado-riley-v2/test/PGXXXX230339/reads_20k.blow5
2026-07-31T02:11:36Z,fast_20k,1,2,ok,171.892,43.599,4.451,170.968,173.226,0,/home/riley/slorado-riley-v2/slorado basecaller -C 128 -c 12288 -K 4096 -p 150 --overlap-decode=yes --overlap-depth=1 --fixed-c-batch=no --flush-threshold 64 -o /dev/null /home/riley/slorado-riley-v2/models/dna_r10.4.1_e8.2_400bps_fast@v5.0.0 /home/riley/slorado-riley-v2/test/PGXXXX230339/reads_20k.blow5
2026-07-31T02:11:47Z,fast_1k,2,1,ok,9.835,4.153,2.755,9.537,10.917,0,/home/riley/slorado-riley-v2/slorado basecaller -C 128 -c 12288 -K 4096 -p 150 --overlap-decode=yes --overlap-depth=2 --fixed-c-batch=no --flush-threshold 64 -o /dev/null /home/riley/slorado-riley-v2/models/dna_r10.4.1_e8.2_400bps_fast@v5.0.0 /home/riley/slorado-riley-v2/test/PGXXXX230339/reads_1k.blow5
2026-07-31T02:11:58Z,fast_1k,2,2,ok,9.851,4.108,2.753,9.539,10.915,0,/home/riley/slorado-riley-v2/slorado basecaller -C 128 -c 12288 -K 4096 -p 150 --overlap-decode=yes --overlap-depth=2 --fixed-c-batch=no --flush-threshold 64 -o /dev/null /home/riley/slorado-riley-v2/models/dna_r10.4.1_e8.2_400bps_fast@v5.0.0 /home/riley/slorado-riley-v2/test/PGXXXX230339/reads_1k.blow5
2026-07-31T02:12:08Z,fast_1k,2,3,ok,9.828,4.09,2.748,9.535,10.884,0,/home/riley/slorado-riley-v2/slorado basecaller -C 128 -c 12288 -K 4096 -p 150 --overlap-decode=yes --overlap-depth=2 --fixed-c-batch=no --flush-threshold 64 -o /dev/null /home/riley/slorado-riley-v2/models/dna_r10.4.1_e8.2_400bps_fast@v5.0.0 /home/riley/slorado-riley-v2/test/PGXXXX230339/reads_1k.blow5
2026-07-31T02:12:19Z,fast_1k,2,4,ok,9.846,4.115,2.749,9.553,10.904,0,/home/riley/slorado-riley-v2/slorado basecaller -C 128 -c 12288 -K 4096 -p 150 --overlap-decode=yes --overlap-depth=2 --fixed-c-batch=no --flush-threshold 64 -o /dev/null /home/riley/slorado-riley-v2/models/dna_r10.4.1_e8.2_400bps_fast@v5.0.0 /home/riley/slorado-riley-v2/test/PGXXXX230339/reads_1k.blow5
2026-07-31T02:12:30Z,fast_1k,2,5,ok,9.868,4.117,2.756,9.565,10.944,0,/home/riley/slorado-riley-v2/slorado basecaller -C 128 -c 12288 -K 4096 -p 150 --overlap-decode=yes --overlap-depth=2 --fixed-c-batch=no --flush-threshold 64 -o /dev/null /home/riley/slorado-riley-v2/models/dna_r10.4.1_e8.2_400bps_fast@v5.0.0 /home/riley/slorado-riley-v2/test/PGXXXX230339/reads_1k.blow5
2026-07-31T02:13:21Z,hac_1k,2,1,ok,49.784,47.9,3.9,49.193,50.955,0,/home/riley/slorado-riley-v2/slorado basecaller -C 128 -c 12288 -K 4096 -p 150 --overlap-decode=yes --overlap-depth=2 --fixed-c-batch=no --flush-threshold 64 -o /dev/null /home/riley/slorado-riley-v2/models/dna_r10.4.1_e8.2_400bps_hac@v5.0.0 /home/riley/slorado-riley-v2/test/PGXXXX230339/reads_1k.blow5
2026-07-31T02:14:12Z,hac_1k,2,2,ok,49.648,47.788,3.905,49.053,50.844,0,/home/riley/slorado-riley-v2/slorado basecaller -C 128 -c 12288 -K 4096 -p 150 --overlap-decode=yes --overlap-depth=2 --fixed-c-batch=no --flush-threshold 64 -o /dev/null /home/riley/slorado-riley-v2/models/dna_r10.4.1_e8.2_400bps_hac@v5.0.0 /home/riley/slorado-riley-v2/test/PGXXXX230339/reads_1k.blow5
2026-07-31T02:15:03Z,hac_1k,2,3,ok,49.765,47.943,3.902,49.167,50.935,0,/home/riley/slorado-riley-v2/slorado basecaller -C 128 -c 12288 -K 4096 -p 150 --overlap-decode=yes --overlap-depth=2 --fixed-c-batch=no --flush-threshold 64 -o /dev/null /home/riley/slorado-riley-v2/models/dna_r10.4.1_e8.2_400bps_hac@v5.0.0 /home/riley/slorado-riley-v2/test/PGXXXX230339/reads_1k.blow5
2026-07-31T02:15:54Z,hac_1k,2,4,ok,49.539,47.73,3.905,48.934,50.702,0,/home/riley/slorado-riley-v2/slorado basecaller -C 128 -c 12288 -K 4096 -p 150 --overlap-decode=yes --overlap-depth=2 --fixed-c-batch=no --flush-threshold 64 -o /dev/null /home/riley/slorado-riley-v2/models/dna_r10.4.1_e8.2_400bps_hac@v5.0.0 /home/riley/slorado-riley-v2/test/PGXXXX230339/reads_1k.blow5
2026-07-31T02:16:44Z,hac_1k,2,5,ok,49.584,47.791,3.91,48.978,50.740,0,/home/riley/slorado-riley-v2/slorado basecaller -C 128 -c 12288 -K 4096 -p 150 --overlap-decode=yes --overlap-depth=2 --fixed-c-batch=no --flush-threshold 64 -o /dev/null /home/riley/slorado-riley-v2/models/dna_r10.4.1_e8.2_400bps_hac@v5.0.0 /home/riley/slorado-riley-v2/test/PGXXXX230339/reads_1k.blow5
2026-07-31T02:19:38Z,fast_20k,2,1,ok,172.202,42.962,4.704,171.35,173.484,0,/home/riley/slorado-riley-v2/slorado basecaller -C 128 -c 12288 -K 4096 -p 150 --overlap-decode=yes --overlap-depth=2 --fixed-c-batch=no --flush-threshold 64 -o /dev/null /home/riley/slorado-riley-v2/models/dna_r10.4.1_e8.2_400bps_fast@v5.0.0 /home/riley/slorado-riley-v2/test/PGXXXX230339/reads_20k.blow5
2026-07-31T02:22:32Z,fast_20k,2,2,ok,172.86,43.514,4.62,171.306,174.223,0,/home/riley/slorado-riley-v2/slorado basecaller -C 128 -c 12288 -K 4096 -p 150 --overlap-decode=yes --overlap-depth=2 --fixed-c-batch=no --flush-threshold 64 -o /dev/null /home/riley/slorado-riley-v2/models/dna_r10.4.1_e8.2_400bps_fast@v5.0.0 /home/riley/slorado-riley-v2/test/PGXXXX230339/reads_20k.blow5
